domain,pagerank
ubuntu.com,5.90
startrankingnow.com,5.67
ufbpk.com,5.65
buffalonews.com,5.19
pac-12.com,5.04
newsblaze.com,4.90
mouseplanet.com,4.79
principles.com,4.74
portablenorthpole.com,4.56
euromaidanpress.com,4.53
allforfashiondesign.com,4.49
photostockeditor.com,4.48
ngdata.com,4.47
raileurope.com,4.47
hotelinteractive.com,4.47
probabilitycourse.com,4.46
visitnc.com,4.43
southern-tool.com,4.38
northafricapost.com,4.36
visitsanantonio.com,4.35
ijabbr.com,4.34
mufcinfo.com,4.34
swappa.com,4.34
trenchtrenchtrench.com,4.33
workflowpatterns.com,4.33
menutaiwan.com,4.32
europeristat.com,4.31
muuka.com,4.31
tink.com,4.31
moonboard.com,4.31
blinknetwork.com,4.31
jeuxvideomagazine.com,4.30
bungalow.com,4.30
payukraine.com,4.30
filieresport.com,4.30
warrantyweek.com,4.29
ginikousa.com,4.29
blogster.com,4.29
babypicsapp.com,4.29
provincial.com,4.29
slowfoodfoundation.com,4.29
hcatech.com,4.29
ginikofaith.com,4.29
dotsens.com,4.28
srpskacafe.com,4.28
jonathanbullock.com,4.27
maximumink.com,4.27
mariskalrock.com,4.27
britainunlimited.com,4.27
darude.com,4.27
indulgexpress.com,4.27
profootballweekly.com,4.26
ukonscreen.com,4.26
haubis.com,4.26
alanstivell.com,4.25
greekstatemuseum.com,4.25
bigbluebus.com,4.25
abinskino.com,4.25
maximussoft.com,4.25
tagadapp.com,4.25
dicoriginaux.com,4.25
kwezal.com,4.25
mystiq-flow.com,4.25
rafoid.com,4.25
tunesoftware.com,4.25
visionarus.com,4.25
medafricatimes.com,4.24
permanentculturenow.com,4.23
infographiclist.com,4.22
electronics-tutorials.com,4.22
popuw.com,4.22
ijbiotech.com,4.22
velvet-sheep.com,4.22
utemountaincasino.com,4.22
perusall.com,4.22
bluesweb.com,4.22
xtfer.com,4.21
vpiphotonics.com,4.21
saveurs-dici-dailleurs.com,4.21
downtownseattle.com,4.21
beloko.com,4.21
newsteelconstruction.com,4.21
ehlisunnetbuyukleri.com,4.21
exbaba.com,4.21
nachoua.com,4.21
zgodzinski.com,4.21
ministryofmanipulation.com,4.21
taxi-bateau.com,4.21
globalpensions.com,4.20
ncfilm.com,4.20
wiimoteproject.com,4.20
guidecocreation.com,4.20
yokmok.com,4.20
hayley-westenra-international.com,4.20
67-72chevytrucks.com,4.20
hkacger.com,4.20
horsetooth-half.com,4.20
scheduler-usage.com,4.20
traveltohungary.com,4.20
yaga-burundi.com,4.20
folking.com,4.19
blog-logiciel-btp.com,4.19
isina.com,4.19
cinemachords.com,4.19
wwtcc.com,4.19
centralpark-ny.com,4.19
pc-look.com,4.19
danceanddance.com,4.19
saint-emilion-jazz-festival.com,4.19
fingerprintdigitalmedia.com,4.19
oiccam.com,4.19
geometros.com,4.19
oudvossemeer.com,4.19
citykingz.com,4.18
graysnowolves.com,4.18
jeffreygrice.com,4.18
eautolease.com,4.18
hermanasclarisas.com,4.18
genieminiature.com,4.18
mobilenin.com,4.18
agiusww1.com,4.18
borderlandresearch.com,4.18
bellestorie.com,4.18
sindhijagat.com,4.18
shamlu.com,4.18
clmi-training.com,4.18
alternativebristol.com,4.18
guden.com,4.18
donkboy.com,4.18
franckbedez.com,4.18
phototiming.com,4.18
aglogicchemical.com,4.18
gochristianhelps.com,4.18
2weekbackpack.com,4.18
centrointernazionalefumetto.com,4.18
flycoralway.com,4.18
dibidogs.com,4.18
lightknights.com,4.18
purepuertoricanpasofinos.com,4.18
elamys.com,4.18
museumplanes.com,4.18
singerrecords.com,4.18
skyryders.com,4.18
audioguidecard.com,4.18
psxhax.com,4.17
aspnetboilerplate.com,4.17
africanamericanhairstylevideos.com,4.16
lacienciadejaun.com,4.16
entropyeconomics.com,4.16
emailcamel.com,4.16
nutandme.com,4.14
ssaepfl.com,4.13
emmanuelcaruyer.com,4.13
stephenholiday.com,4.13
logicpoet.com,4.13
rinconesdelatlantico.com,4.13
johntmcintosh.com,4.13
angelsocias.com,4.13
koksalaci.com,4.13
francescnavarro.com,4.13
tanielfilm.com,4.11
openspeedtest.com,4.10
maths-fi.com,4.10
wpgholdings.com,4.09
nuoobox.com,4.08
creativeplaystamps.com,4.08
urchfab.com,4.08
lesflammesjumelles.com,4.07
novamara.com,4.06
raoulinzezone.com,4.06
alchimix.com,4.06
afm-forest.com,4.05
airrebels.com,4.05
infortisa.com,4.05
whatsonni.com,4.05
dylt.com,4.05
patientory.com,4.05
mapcat.com,4.05
talentpointhr.com,4.04
onlinetroubleshooters.com,4.04
endas.com,4.04
agilizer-academy.com,4.04
lacrampeduchinois-lelivre.com,4.04
hotsalesnetwork.com,4.04
unitsofstudy.com,4.02
sasapost.com,4.00
cprd.com,4.00
christinekane.com,3.98
lontongcorp.com,3.98
joshlyford.com,3.98
insightcards.com,3.98
cyberuskey.com,3.97
lenusehealth.com,3.96
goodsorderinventory.com,3.96
groundhopping-links.com,3.96
p2bi.com,3.95
netvision-digital.com,3.94
dishonline.com,3.94
eleykishimoto.com,3.93
applicature.com,3.93
mobi.com,3.93
heavenhilldistillery.com,3.90
beyondpulse.com,3.89
milestonebased.com,3.89
jatinagroup.com,3.89
chriswilsonillustration.com,3.88
jordanchapuy.com,3.88
alan-stivell.com,3.87
wakg.com,3.87
ruyagame.com,3.87
idiotbastard.com,3.87
giniko.com,3.87
orchestramozart.com,3.87
jdcu.com,3.87
destinationnetwork.com,3.87
permanenthunger.com,3.87
realtybid.com,3.86
teamform.com,3.86
football-champions.com,3.86
pureservice.com,3.86
kinendu.com,3.86
hautcourant.com,3.86
owgun.com,3.86
beatworkers.com,3.86
quantaq.com,3.86
juanfernandoaristizabal.com,3.86
moneytargetapp.com,3.86
lettercash.com,3.86
lucidvisiongames.com,3.86
accomplir.com,3.86
matteofabris.com,3.86
taster.com,3.86
petecromer.com,3.85
campusresponsables.com,3.85
artistsupplysource.com,3.85
agendadesmairies.com,3.85
overtons.com,3.85
among-us-toys.com,3.84
personsplaza.com,3.84
gravitasprogramme.com,3.83
redwoodbarn.com,3.82
dcdancenet.com,3.81
rpzl.com,3.81
quotes-lover.com,3.81
santacruzwib.com,3.80
contextsforlearning.com,3.80
indiavisiontv.com,3.80
hughesmarineservice.com,3.80
zerogene.com,3.80
seavolexkala.com,3.80
smboatandtackle.com,3.80
brazilplants.com,3.80
awaloo.com,3.80
sornorkid.com,3.80
movieberry.com,3.78
pagereboot.com,3.77
madisonhistoricdistrictshops.com,3.77
inconvenienthistory.com,3.76
epmlive.com,3.76
jchemrev.com,3.76
typematrix.com,3.75
cantobros.com,3.75
hitachi-displays.com,3.75
eurthisnthat.com,3.75
rideamigos.com,3.75
rareexportsmovie.com,3.75
thefunnyquotessayings.com,3.74
kickblips.com,3.74
la-mure-argens.com,3.73
rooftopxp.com,3.73
americathemovie.com,3.73
radioacktiva.com,3.72
perftestplus.com,3.72
cocoonsoftware.com,3.72
gurugossiper.com,3.72
northsea-cycle.com,3.71
jccstl.com,3.71
kraljevo.com,3.71
securafone.com,3.70
tcsintl.com,3.70
theinvisiblecitykakuma.com,3.70
philmountford.com,3.70
martinmcdougall.com,3.70
walter-rodriguez.com,3.70
justmotherhood.com,3.70
teatroverdi-trieste.com,3.70
rengrj.com,3.69
dtcpartnership.com,3.69
ithound.com,3.69
realityworksgroup.com,3.69
stanleeslacomiccon.com,3.68
jcepm.com,3.68
burstofbutterflies.com,3.67
chemmethod.com,3.67
sqlsentry.com,3.67
jessicaschiffman.com,3.67
lanpdt.com,3.67
kvstool.com,3.66
septclues.com,3.66
mimizan-tourisme.com,3.66
theearlyhour.com,3.65
gomerblog.com,3.65
smartcookiemedia.com,3.65
saravanerp.com,3.65
stephendale.com,3.64
grainydaycollective.com,3.64
aliantegaming.com,3.64
geopalz.com,3.64
prdesse.com,3.64
think2perform.com,3.64
mathildemonnier.com,3.63
personalitytestbirdy.com,3.63
quranite.com,3.63
beyondthetechrevolution.com,3.63
nicolejahan.com,3.63
buildolution.com,3.63
thepolitesse.com,3.62
peterandcompany.com,3.62
maperlerare.com,3.62
afkes.com,3.62
artepachamama.com,3.62
sheepscotfiber.com,3.62
stablehousetextiles.com,3.62
elliemasondesigns.com,3.62
jenfashion.com,3.62
viableware.com,3.62
chromiecraft.com,3.61
aeongoddess.com,3.61
boaterrific.com,3.61
jobdelhincr.com,3.61
webmaster-gratuit.com,3.61
manvspink.com,3.61
hellenicleaders.com,3.61
trendingsy.com,3.61
theengineeringmanager.com,3.61
ijmedrev.com,3.61
klintmarketing.com,3.60
buildingiq.com,3.60
francis-jammes.com,3.60
idrivesync.com,3.60
bagh-sj.com,3.60
letstalkmommy.com,3.59
roleplayingtips.com,3.59
pontaven.com,3.59
wildpansypress.com,3.58
caradriel.com,3.58
tech4africa.com,3.58
ricasoli.com,3.58
msrjournal.com,3.57
lucienneboyce.com,3.57
vsxu.com,3.57
musicregistry.com,3.57
montecarlo-realestate.com,3.57
saveriobianchi.com,3.57
balansanat.com,3.57
dynamicsystemsinc.com,3.57
postpath.com,3.57
bluenod.com,3.57
sheckley.com,3.57
iesmj.com,3.56
mahdianpour.com,3.56
puravitalosangeles.com,3.56
ewoutkleinsmann.com,3.56
batteryjunction.com,3.55
masterslavelifestyle.com,3.55
clasesguitarrachandru.com,3.55
legaciesofthedragon.com,3.55
northumbriamasters.com,3.54
boyblueent.com,3.54
themotorcafe.com,3.54
sueaspammer.com,3.54
rellsunn.com,3.54
vallee-de-la-sarthe.com,3.53
triplep-parenting.com,3.53
joneswalker.com,3.53
linkablenetworks.com,3.53
ajsfinefoods.com,3.53
vgmix.com,3.53
play4free.com,3.53
french-guide.com,3.53
nightingalecider.com,3.52
marchena.com,3.52
resonatespeechwriting.com,3.52
idahohikingclub.com,3.52
hotelrestaurantdefrance.com,3.52
compasshealthbrands.com,3.52
villasdumonde.com,3.51
wrongscovert.com,3.51
luddenden.com,3.51
hotel-lepetittrianon.com,3.51
mp3fiesta.com,3.51
artscase.com,3.51
prometic.com,3.51
pasvumaurice.com,3.51
geendorhout.com,3.51
verelbavmb.com,3.51
byrdcookiecompany.com,3.51
thisiscapitalism.com,3.51
socinvestmentgroup.com,3.51
congresotipografia.com,3.51
buscapecompany.com,3.50
sumishta.com,3.50
pcbiochemres.com,3.50
rudimathematici.com,3.49
vezelaytourisme.com,3.49
plan-autonomie.com,3.49
ivsajournals.com,3.49
thrivenc.com,3.49
ajgreenchem.com,3.49
ijtmgh.com,3.49
pgamerx.com,3.48
ajnanomat.com,3.48
quincemarketinsights.com,3.48
snappermail.com,3.48
teamhewins.com,3.48
biglelegal.com,3.48
maritim.com,3.48
chungawawa.com,3.48
dansultan.com,3.48
vmwareoctopus.com,3.47
isecure-journal.com,3.47
greenwichpantry.com,3.47
myglassslipper.com,3.46
bunnypaige.com,3.46
joannemallon.com,3.46
lisbonweekendguild.com,3.46
nanomedicine-rj.com,3.46
surlering.com,3.46
ddrcco.com,3.46
squidsolutions.com,3.46
bus52.com,3.46
kosova.com,3.45
atelierdufuturpapa.com,3.45
servosity.com,3.45
shopandbox.com,3.45
confederationstudio.com,3.45
blackburnmarket.com,3.45
cleaningwomen.com,3.45
manzar-sj.com,3.45
bestfitnesstores.com,3.45
wazaonline.com,3.44
journal-aprie.com,3.44
mentalgymbyvicky.com,3.44
buszoom.com,3.44
leshallesdelamajor.com,3.44
ederflag.com,3.44
mariocastelnuovo.com,3.43
ajchem-a.com,3.43
medtechsuperconnector.com,3.43
craigrussell.com,3.43
riejournal.com,3.43
ajchem-b.com,3.43
jmchemsci.com,3.43
accuratefranchising.com,3.43
bookingblog.com,3.43
nickgripton.com,3.43
telesocial.com,3.42
ijche.com,3.42
randonnees-midi-pyrenees.com,3.42
ijsrdms.com,3.42
kaddr.com,3.42
sahel-intelligence.com,3.42
clickfuel.com,3.42
radarpictures.com,3.42
theseasonedcook.com,3.42
frenchtechbordeaux.com,3.42
jrweedsci.com,3.42
jeires.com,3.42
ijashssjournal.com,3.42
villejuurikkala.com,3.42
ijashss.com,3.42
mrsmagovern.com,3.41
nantes-developpement.com,3.41
theoryforce.com,3.41
flightster.com,3.41
chateaupesquie.com,3.41
toc-sj.com,3.41
villes-sanctuaires.com,3.40
conciseimage.com,3.40
apaixaodaisa.com,3.40
700apps.com,3.40
canonjm.com,3.40
cifilejournal.com,3.40
cajmpsi.com,3.40
bernstein-rein.com,3.39
dui.com,3.39
anticorps-palaisdetokyo.com,3.39
borrowbits.com,3.39
professionalpensionsjobs.com,3.39
lauren-lancaster.com,3.39
mendling.com,3.39
inwinstack.com,3.39
songbirdrising.com,3.38
geoclastica.com,3.38
scanimate.com,3.38
onelinefun.com,3.38
alloprod.com,3.38
canadiangamingbusiness.com,3.38
mathilderoussel.com,3.38
managementparadise.com,3.37
lizstudentschnig.com,3.37
miltonkeyneskids.com,3.37
nexusengine.com,3.36
go-to-corsica.com,3.36
evahudson.com,3.36
joymutter.com,3.36
leflouka.com,3.36
raphaelbonan.com,3.36
damiankubisiak.com,3.36
kasiasmoczynska.com,3.36
artemeda.com,3.36
gerhardderksen.com,3.36
nicolas-deveaux.com,3.36
fanny-smith.com,3.36
basilicasanlorenzofirenze.com,3.36
sql-articles.com,3.35
mathieuboulet.com,3.35
thediscpersonalitytest.com,3.35
planeteafrique.com,3.34
rcv-lille.com,3.34
whiteeeen.com,3.34
luruke.com,3.34
cyc-soft.com,3.34
lestudium-ias.com,3.33
nagyconsult.com,3.33
bartlett1898.com,3.33
stashpit.com,3.33
luchon-superbagneres.com,3.33
mentefilosofica.com,3.33
returndates.com,3.33
ezgear.com,3.33
portsukraine.com,3.33
malioce.com,3.33
carrz-fox-fire.com,3.33
signalsense.com,3.33
guidelecture.com,3.33
mediapartbenin.com,3.33
interwatches.com,3.33
galerie-pluskwa.com,3.32
guitaremerge.com,3.32
wegolo.com,3.32
mysavingsdirect.com,3.32
zinzithemusical.com,3.32
whitetail.com,3.32
mauricietourism.com,3.32
iriejamradio.com,3.32
poviolabs.com,3.31
lesperon.com,3.31
italien.com,3.31
whatskatiedoing.com,3.31
ewtaz.com,3.31
mp3panda.com,3.31
25lists.com,3.31
oldiesrising.com,3.31
tomme-de-savoie.com,3.31
rainengineering.com,3.31
somoschueca.com,3.30
village-artisanal.com,3.30
collobrieres-tourisme.com,3.30
pokemonemulator.com,3.30
cryptoxpress.com,3.30
reservedebandia.com,3.30
batooba.com,3.30
ecometiers.com,3.30
charlijames.com,3.30
zoofrance.com,3.30
tremau.com,3.30
mthai.com,3.30
grottes-france.com,3.30
referencement-vrdci.com,3.30
coeurdetarentaise-tourisme.com,3.29
muriloq.com,3.29
sidobre-vallees-tourisme.com,3.29
cr4croanne.com,3.29
musees-aquitaine.com,3.29
chateau-brelidy.com,3.29
macrobellows.com,3.29
christiandoumergue.com,3.29
dmacservices.com,3.29
caue54.com,3.29
nerja-turismo.com,3.29
yenifikirmatbaa.com,3.29
johnbrace.com,3.29
cougnaguet.com,3.28
mathiasduplessy.com,3.28
c3bs.com,3.28
dwaynewayne.com,3.28
legrostasdezik.com,3.28
pavlovpinball.com,3.28
majjem.com,3.28
aplusfreeware.com,3.28
vinylora.com,3.28
blackstoneconsultancy.com,3.28
utl-landerneau.com,3.27
tohumagazine.com,3.27
sarahontheweb.com,3.27
kaizentp.com,3.27
filmous.com,3.27
hooknotifier.com,3.27
bellsgalleries.com,3.27
placon.com,3.27
webdoc-herbier.com,3.27
ot-publier.com,3.27
emauxcheron.com,3.27
tsi-games.com,3.27
dofuskin.com,3.27
asyncroleplay.com,3.27
shockdom-store.com,3.26
actualites-electroniques.com,3.26
bertrandbesnard.com,3.26
dokkur.com,3.26
ericmorris.com,3.26
gaufrehouplines.com,3.25
coalcountrythemovie.com,3.25
tierraenlasmanos.com,3.25
reidaderivada.com,3.25
ccmaizieres.com,3.25
parcs-aquatiques.com,3.25
timeofwar.com,3.25
timbuktoo-naming.com,3.24
actualite-litteraire.com,3.24
hideawaygolfclub.com,3.24
echohub.com,3.24
tehelkahindi.com,3.24
doubling-time.com,3.24
lemagazinedumanager.com,3.24
gotrackin.com,3.24
durangon.com,3.23
verbos-em-ingles.com,3.23
mainecoon-france.com,3.23
memoiredafrique.com,3.23
vogania.com,3.23
mockupscreens.com,3.23
ecostarplastics.com,3.23
epixtech.com,3.23
artkatana.com,3.23
vixenvapors.com,3.23
deezermedia.com,3.23
voyageurgalactique.com,3.23
tekraze.com,3.23
lisettel.com,3.23
chezfoucart.com,3.22
adera-association.com,3.22
cadeclinic.com,3.22
stephan-balleux.com,3.22
capadresse.com,3.22
fightaidsmonaco.com,3.22
france-palmier.com,3.22
masoniclib.com,3.22
bernardbouin.com,3.22
mediascreen.com,3.22
raducic.com,3.22
chats-british-shorthair.com,3.22
sitamag.com,3.22
toyota-manutention.com,3.22
cameroun-guide.com,3.22
envirobat-reunion.com,3.22
codes-naf.com,3.22
diaperalliancefoundation.com,3.22
ndtradio.com,3.22
institut-jacques-cartier.com,3.22
moorishtimes.com,3.22
microzone-dev.com,3.22
camillejullian.com,3.21
roompad.com,3.21
angelasmithart.com,3.21
dukeontheweb.com,3.21
nataonline.com,3.21
bcnstockcars.com,3.21
isokon.com,3.21
plastic2oil.com,3.21
a3dansleswc.com,3.21
stnectaire.com,3.21
agdecinetele.com,3.21
531festival.com,3.21
chateau-de-beaugency.com,3.21
l-epitoge.com,3.21
prenom-muslim.com,3.21
templiers-senart.com,3.21
carolineloeb.com,3.21
aqht-strasbourg.com,3.21
polyclinique-macon.com,3.21
polignano-a-mare.com,3.21
bonpertuis-steel.com,3.21
jean-michel-thibaux.com,3.21
mairie-pouxeux.com,3.21
beaumontdepertuis.com,3.21
canyoning-perpignan.com,3.21
fiscalkombat.com,3.21
groupe-asgard.com,3.21
1980editions.com,3.21
exultet-solutions.com,3.20
writers-net.com,3.20
unfoldingleadership.com,3.20
frasesgo.com,3.20
1320records.com,3.20
enhancingaudiodescription.com,3.20
mp3mixx.com,3.20
catsincare.com,3.20
anegmetex.com,3.20
barcelonadronecenter.com,3.19
ecoledubudo.com,3.19
grille-paris.com,3.19
phoneworks.com,3.19
atlasls.com,3.19
monophy.com,3.19
herculane.com,3.19
soundtrackworld.com,3.19
symbole-clavier.com,3.19
nicolasstavy.com,3.19
drtenge.com,3.18
robinkeijzer.com,3.18
vins-philippechatillon.com,3.18
delupo.com,3.18
moosleybay.com,3.18
unistechnology.com,3.18
karna.com,3.18
wartajudi.com,3.18
munford.com,3.17
theinternetofallthings.com,3.17
geneva-health.com,3.17
hexelon.com,3.17
candycupboard.com,3.17
sweetbitterpodcast.com,3.17
myfoodcity.com,3.17
windsor-grange.com,3.17
tfmx.com,3.17
soflaweb.com,3.17
safecolleges.com,3.17
franklinhomesusa.com,3.17
mariannemarston.com,3.17
shalom2.com,3.16
diplomat-global.com,3.16
hotel-parisgardensaintmartin.com,3.16
agenceafrique.com,3.16
5th-music.com,3.16
parsebazar.com,3.16
interbusonline.com,3.16
asombroextremo.com,3.16
friendbet.com,3.15
mps-eventreg.com,3.15
wallenberg-music.com,3.15
fernhotels.com,3.15
wickerparkgroup.com,3.15
energelia.com,3.15
itrinnovation.com,3.14
pagerankalert.com,3.14
nombacandies.com,3.14
annamagni.com,3.14
risc-group.com,3.14
hottproject.com,3.14
zoomsquare.com,3.14
foxriverassociates.com,3.13
dailyfrenchpod.com,3.13
atoslombardini.com,3.13
hairrestorationofthesouth.com,3.13
kobilevidesign.com,3.13
desertplantsofavalon.com,3.13
nile-elt.com,3.13
evilladies.com,3.13
superonefoods.com,3.13
fichasddoo.com,3.12
sendpress.com,3.12
teradiode.com,3.12
only72.com,3.11
diariofolk.com,3.11
workforceinsight.com,3.11
lecardiologue.com,3.10
ebooktrip.com,3.10
palabrasdelcandil.com,3.10
fromag.com,3.10
senao.com,3.10
beloter.com,3.10
bajdi.com,3.10
mediassociaux.com,3.10
xavierleroy.com,3.09
daybreakimagery.com,3.09
cryptopys.com,3.09
himawari-kikin.com,3.09
buffile-ceramiste.com,3.08
closdesfees.com,3.08
netromedia.com,3.08
martinofootwear.com,3.08
creaventure.com,3.08
shipstore.com,3.08
terroirshautsdefrance.com,3.08
tutorhub.com,3.08
patine.com,3.08
maestropescador.com,3.08
thinkheat.com,3.07
art-by-ewelina.com,3.07
computer-acquisti.com,3.07
orangebidz.com,3.07
basil.com,3.07
coll82.com,3.07
belgiumcloud.com,3.07
e-cig-reviews.com,3.07
lucien-albrecht.com,3.07
culturerapide.com,3.07
futuremortality.com,3.06
sencillito.com,3.06
holapueblo.com,3.06
deckinghero.com,3.06
abdolian.com,3.06
fierbourg.com,3.05
visualimpactfitness.com,3.05
astarte-inspiration.com,3.05
23dragons.com,3.05
calculadatos.com,3.05
yulop.com,3.05
michaelkarpin.com,3.05
anheizen.com,3.05
rachellaurent.com,3.05
mapiaule.com,3.05
altafemina.com,3.05
dianaarcaizante.com,3.04
deananddavid.com,3.04
diceofdoom.com,3.04
wavetechpowersports.com,3.04
manuelmanzaneque.com,3.04
emf2006.com,3.04
abnormal-loads.com,3.04
mmoingame.com,3.04
discoslothdesigns.com,3.04
sinaclon.com,3.04
handycrab.com,3.04
ocwebmarketingsolutions.com,3.04
michelezamparo.com,3.04
laclefrevival.com,3.04
bowhuntinginfo.com,3.03
eloquentatheist.com,3.03
les2continents.com,3.03
geagea.com,3.03
flophousemagazine.com,3.03
vectairsystems.com,3.03
maartenornstein.com,3.02
matt-miles.com,3.02
genoni.com,3.02
triovest.com,3.02
drystonegarden.com,3.02
pughearts.com,3.02
heavensentgaming.com,3.02
sgtlabs.com,3.02
thebloomfieldco.com,3.02
bridalshoes.com,3.02
supportivy.com,3.02
einsal.com,3.02
johnhiggs.com,3.02
bridgelanguage.com,3.02
info-flash.com,3.02
seoboosterx.com,3.02
ultimateafrica.com,3.01
rometheatre.com,3.01
miamiinfocus.com,3.01
banque-info.com,3.01
igegroup.com,3.01
faropediatrico.com,3.01
thinkrightnow.com,3.01
adieulessence.com,3.01
ibereco.com,3.01
aimeedunne.com,3.01
rocor-v.com,3.00
minervis.com,3.00
resourcecode.com,3.00
davidgentleman.com,3.00
iran-archery.com,3.00
agoradeldomingo.com,2.99
littletrousers.com,2.99
romain-world-tour.com,2.99
sph-flow.com,2.99
lebarboteur.com,2.99
huzz.com,2.99
heaveninthehome.com,2.99
laurentperezdelmar.com,2.99
greyghostbakery.com,2.99
compex-commerce.com,2.99
xrayservers.com,2.99
irandehkadeh.com,2.99
challengeloop.com,2.98
sogutlukoyu.com,2.98
heroesbrewfest.com,2.98
carrollfuel.com,2.98
sanwagrowers.com,2.98
blogemmanuel.com,2.98
geofootprint.com,2.98
daichepartiamo.com,2.98
openerg.com,2.97
inoviamedia.com,2.97
web-iq.com,2.97
newyorkcables.com,2.97
pepepisa.com,2.97
mylinkedinpro.com,2.97
mercedeshelnwein.com,2.97
gbf-img.com,2.97
brianaris.com,2.97
dnsjp.com,2.97
mairie-stclementdesbaleines.com,2.96
littlemikeshamburgers.com,2.96
wett-bonus.com,2.96
usp-safety.com,2.96
supernow.com,2.96
cyclisme-info.com,2.96
puylaroque.com,2.96
rbmactors.com,2.96
dynix.com,2.96
myboyfriendisatwat.com,2.96
forummedinjob.com,2.96
pedalnorth.com,2.95
guyd2.com,2.95
tgblaw.com,2.95
ashtangayogatherapy.com,2.95
weactgreen.com,2.95
elaine-moore.com,2.95
palazzovecchietti.com,2.95
nettpreneur.com,2.95
imedicei.com,2.95
darocopastificio.com,2.94
rentandprotect.com,2.94
bardstownwhiskeysociety.com,2.94
citycom-austria.com,2.94
accestravail.com,2.94
polyfonken.com,2.94
bbico.com,2.94
bambini-restaurant.com,2.94
chinon-loirevalley.com,2.94
chateaudechassagnemontrachet.com,2.94
aks-labs.com,2.94
retinacommunications.com,2.94
paisea.com,2.94
hotelfondadelatea.com,2.94
edenorion.com,2.94
alsurvacaciones.com,2.94
internazionaliforli.com,2.94
acquiretm.com,2.94
bellagio10452.com,2.94
laboansaldo.com,2.94
vlocker.com,2.94
ideaaustralia.com,2.94
f-gros.com,2.94
aurasdespaquerettes.com,2.94
domaineleccia.com,2.94
weepie-plugins.com,2.94
aroscachapa.com,2.94
androidi.com,2.94
luigiballerini.com,2.94
manolitosimonet.com,2.94
pivioworks.com,2.94
finance-technique.com,2.94
rellhealthcare.com,2.93
parchmentrustler.com,2.93
wildvoyager.com,2.93
filmnc.com,2.93
sonia-sa.com,2.93
auto-brochure.com,2.93
miells.com,2.93
tonsite.com,2.93
htlhotels.com,2.93
marketingsoftwaremanager.com,2.93
thierrycouteau.com,2.93
duimspijker.com,2.93
makylacreates.com,2.92
ccsentinel.com,2.92
factfocus.com,2.92
rv.com,2.92
matthieuraffard.com,2.92
robertsonoptical.com,2.92
tuxedoden.com,2.92
penbelgique.com,2.92
ur2die4.com,2.92
partyhatsforgrownups.com,2.91
thediabolo.com,2.91
fithdysign.com,2.91
anyonecoulddothat.com,2.91
expansionynegocios.com,2.91
etllao.com,2.91
grottes-en-france.com,2.91
phpbbgr.com,2.91
gfpmachines.com,2.91
cerveceandopodcast.com,2.90
greencafe.com,2.90
sunsetmotel.com,2.90
gloryholesports.com,2.90
demily-clement.com,2.90
daytonconventioncenter.com,2.90
room4exchange.com,2.90
telinta.com,2.90
texascyclesport.com,2.90
service4money.com,2.90
cantine-gamila-paris.com,2.89
gratisforums.com,2.89
swd2050.com,2.89
lockedpost.com,2.89
rossparker.com,2.89
hammersound.com,2.89
aec-apps.com,2.89
ladyisadora.com,2.89
generictrade.com,2.89
caravangroup.com,2.89
thehelpfulhiker.com,2.89
cafedesartistescabos.com,2.89
flushotsusa.com,2.89
newmanhumanresources.com,2.89
thetrainstationpub.com,2.88
dextratech.com,2.88
ninachakrabarti.com,2.88
rockustics.com,2.88
runnorfolk.com,2.88
baluchonalzheimer.com,2.88
sambranton.com,2.88
nicoledesilva.com,2.88
myinstanteffects.com,2.88
buzzdelta.com,2.88
coastresorts.com,2.88
ackwork.com,2.88
emilypeasgood.com,2.88
blackflyoutfitters.com,2.88
madagence.com,2.87
caymag.com,2.87
secondstoryagency.com,2.87
brodymeandgdd.com,2.87
lorina.com,2.87
raffard-roussel.com,2.87
tashimannox.com,2.87
apyweb.com,2.87
centredessinpresse-stjust.com,2.87
pedromiralles.com,2.87
deine-momente.com,2.87
etoleetbolero.com,2.86
goodassur.com,2.86
nhakhoanhantam.com,2.86
foolishpoet.com,2.86
teatrader.com,2.86
srmtl.com,2.86
milk-store.com,2.86
susiemakessupper.com,2.86
eldjenina.com,2.86
nouvelavenir.com,2.86
collingswoodsound.com,2.86
moonfaker.com,2.86
taguemount.com,2.86
progressiveaccess.com,2.86
thismustbebelgium.com,2.86
creanostra.com,2.86
jamielesouef.com,2.86
winwholesale.com,2.86
thomasballouhey.com,2.86
industrial-tsi.com,2.85
bhuka-tours.com,2.85
writtenmedicine.com,2.85
reilly-construction.com,2.85
wickenburgshipping.com,2.85
sheiladelgado.com,2.85
cityofcollinsville.com,2.85
osteopathe-barcelone.com,2.85
hardwarehanklittlecanada.com,2.85
wpemaildelivery.com,2.85
floatingsolarconference.com,2.85
3slogic.com,2.84
ragnarock-vr.com,2.84
saint-georges-oleron-tourisme.com,2.84
edevate.com,2.84
paisvasco.com,2.84
wynterinteriors.com,2.84
demeyere.com,2.84
militarytechnics.com,2.84
gagliardiedomke.com,2.84
warhammerart.com,2.84
hvrxsolutions.com,2.84
bfashionbags.com,2.83
eyedoctorophthalmologistnyc.com,2.83
metsastysmuseo.com,2.83
makrogrp.com,2.83
stampay.com,2.83
tvfoodpantry.com,2.83
thollonlesmemises.com,2.83
etiquette-wines.com,2.83
reverse-design.com,2.83
refreshing-solutions.com,2.83
tommychambersinteriors.com,2.83
dtbmusic.com,2.83
ciwalk.com,2.83
rvs.com,2.82
brience.com,2.82
cabins.com,2.82
guapizimo.com,2.82
valuehealthcareservices.com,2.82
ghostwhalelondon.com,2.82
anaamado.com,2.82
chemrevlett.com,2.82
beatgogo.com,2.82
mykosan.com,2.82
bloodbowl-thegame.com,2.82
canevas.com,2.82
isshogenki.com,2.82
preschoolians.com,2.82
gheme.com,2.82
agriturismoilciliegio.com,2.82
debbiespeaks.com,2.82
sevenoaksvolunteertransport.com,2.82
septgratuit.com,2.81
widrugtesting.com,2.81
mgmgrandmacau.com,2.81
taximonaco.com,2.81
museecapdagde.com,2.81
informadrid.com,2.81
namayande.com,2.81
icoresolutions.com,2.81
metricfox.com,2.81
dianaadamko.com,2.81
lanae-tricot.com,2.81
shift20.com,2.81
nanorfe.com,2.81
relocationmw.com,2.81
table-ascii.com,2.81
journal-aquaticscience.com,2.81
f135.com,2.81
rapidfire.com,2.80
conipiediperterra.com,2.80
24beaubourg.com,2.80
asoloartfilmfestival.com,2.80
warrior-brotherhood.com,2.80
mycatisanalien.com,2.80
calaverascohistorical.com,2.80
kandabisoft.com,2.80
stichtingsamenverder.com,2.80
hawkinsrunning.com,2.80
chantelivre-paris.com,2.80
capstoneprojectideas.com,2.80
mailboxseattle.com,2.80
laquarelle-ervy.com,2.80
garturstitchfarm.com,2.80
mymusiconthemove.com,2.79
tapabento.com,2.79
book-of-flowers.com,2.79
cartoucherie-equitation.com,2.79
transicionsostenible.com,2.79
maalimylly.com,2.79
nograin.com,2.79
monastere-de-segries.com,2.79
therewegoblog.com,2.79
angailearaibeag.com,2.79
mygoalline.com,2.79
optionsuniversity.com,2.79
nevadashooters.com,2.79
oactunisie.com,2.79
brainsfirst.com,2.79
animalyawns.com,2.79
hamburg-review.com,2.79
sceneforce.com,2.79
sunvalleysolar.com,2.78
irelandscontentpool.com,2.78
lesjamelles.com,2.78
ravestats.com,2.78
edwardbettella.com,2.78
hotel-paris-familia.com,2.78
dario-item.com,2.78
thesoftking.com,2.78
bluelifeaviation.com,2.78
ev-yol.com,2.78
opposablethumbsblog.com,2.78
faithhopeandheartwarming.com,2.78
hoate.com,2.78
stylevoice.com,2.78
bankiom.com,2.77
letterandpress.com,2.77
calviswyant.com,2.77
lozzoo.com,2.77
golfwebdesign.com,2.77
agrippacollection.com,2.77
cortinaclassic.com,2.77
annsom.com,2.77
galeriegng.com,2.77
fitbritcollective.com,2.77
jaimemaretoli.com,2.77
bbminaqua.com,2.77
lawreviewcle.com,2.77
sans-precedent.com,2.76
hanison.com,2.76
djbytz.com,2.76
wafel.com,2.76
morningsidepharm.com,2.76
lanset.com,2.76
brisketlovetx.com,2.76
123recherche.com,2.76
damatajhiz.com,2.76
devociontotal.com,2.76
binarnioptsiony.com,2.76
noscrupules.com,2.76
cumbigjob.com,2.76
archrazi.com,2.76
sitkins.com,2.76
etjechoisisdevivre.com,2.76
montclair-hostel.com,2.76
corporacionag.com,2.76
catchingthenextwavepodcast.com,2.76
thewhiskyreview.com,2.76
revue-boutsdumonde.com,2.75
andritzautomation.com,2.75
bolthofferboydlawfirm.com,2.75
tamboor.com,2.75
healthvalleyevent.com,2.75
olivier-roellinger.com,2.75
moulins-bourgeois.com,2.75
temeculamusicteacher.com,2.75
gardenclub-monaco.com,2.75
multi-hardware.com,2.75
boomtownsource.com,2.75
darzarrouk.com,2.74
gotoparistire.com,2.74
denicolai-provoost.com,2.74
jeandunand.com,2.74
dakhlehoasisproject.com,2.74
nextgencounseling.com,2.74
buchmacher-test.com,2.74
stf-industrie.com,2.74
kalymnosclimbingguide.com,2.74
lindagivetash.com,2.74
jennieabrahamson.com,2.74
hotel-de-bastard.com,2.74
arabiclinguisticsforum.com,2.74
cleverdick.com,2.74
ganternorm.com,2.74
healthcareequipmentinc.com,2.74
thevintageportsite.com,2.73
gourmet-galopin.com,2.73
irkaspersky.com,2.73
thegapyearedit.com,2.73
docshd.com,2.73
fotoarendjan.com,2.73
robertofurnari.com,2.73
estudidentalbarcelona.com,2.73
eatdrinklivewell.com,2.73
noisecontrolproducts.com,2.73
mattjsmith.com,2.73
cathyastuce.com,2.73
atherys.com,2.73
finishboston.com,2.73
sagedancecompany.com,2.73
kuwait-style.com,2.73
caminobarrancodemasca.com,2.73
krapiecfoundation.com,2.72
observatoiredelafinancedurable.com,2.72
yogamaitricenter.com,2.72
laplacedelolivier.com,2.72
galerie-depardieu.com,2.72
worldclassbusinessleaders.com,2.72
hbarif.com,2.72
graysonerhard.com,2.72
hermanosinglesos.com,2.72
thekingpins.com,2.72
mafiascene.com,2.72
ruche.com,2.72
ladecorruptible.com,2.72
harafunnel.com,2.72
zedfs.com,2.72
editions-rhubarbe.com,2.72
kabarety.com,2.72
zabielowicz.com,2.72
restaurantduchateau.com,2.72
j-won.com,2.72
journal-fea.com,2.72
vivilecanarie.com,2.72
freemandrug.com,2.72
quantfizz.com,2.72
jaco-sj.com,2.72
wollongonganimalrescuenetwork.com,2.72
blogscooper.com,2.71
solegraells.com,2.71
easystic.com,2.71
touchfireproducts.com,2.71
triactive.com,2.71
childf.com,2.71
melissamills.com,2.71
gapingmaws.com,2.71
noorvision.com,2.71
djholographic.com,2.71
hartwerd.com,2.71
watermanfarmmachinery.com,2.71
caduart.com,2.71
rama-lesite.com,2.71
source4.com,2.71
abechem.com,2.71
cyfuturebpo.com,2.71
antiqueironbeds.com,2.71
marcellolarosa.com,2.71
associationleveil.com,2.71
openmindsforum.com,2.71
primexfarms.com,2.71
helmetstohardhats.com,2.70
encompass-inc.com,2.70
mathec.com,2.70
hobonephews.com,2.70
cargoupdate.com,2.70
alchemydigitalmedia.com,2.70
heritagehomeschool.com,2.70
yandy-ager.com,2.70
incorporate-my-business.com,2.70
pentamedia.com,2.70
european-ai-forum.com,2.70
freyanorth.com,2.70
museumtools.com,2.70
simondietz.com,2.70
busymumfitness.com,2.70
to-restaurant.com,2.70
cosmoterra.com,2.70
collagetheshop.com,2.70
valueformichigan.com,2.70
ortisei.com,2.70
partnersinterpreting.com,2.70
docsvalencia.com,2.70
montarnaud.com,2.70
rayfisher.com,2.70
jrcrusadershockey.com,2.70
genuinekansas.com,2.69
charlesdaly.com,2.69
idgod.com,2.69
marifrench.com,2.69
hospiolot.com,2.69
nelsonsspeedshop.com,2.69
sellhalon.com,2.69
sandraparshall.com,2.69
sbcountyparks.com,2.69
maxwerschitz.com,2.69
robinchocolates.com,2.69
saxity.com,2.69
onecedric.com,2.69
nukleall.com,2.69
josephinewisterfaure.com,2.69
thalassotherapy.com,2.69
moodkie.com,2.69
marysvilletulalipchamber.com,2.69
colonialfloristorlando.com,2.69
ethnicityawards.com,2.69
rupaulonfox.com,2.69
cantinemoser.com,2.69
livethedesign.com,2.68
dignidaddigital.com,2.68
dadaparadisogroup.com,2.68
oblavion.com,2.68
avtcorp.com,2.68
pharmacohealthcare.com,2.68
ice-awards.com,2.68
objetjaponais.com,2.68
arabicpost.com,2.68
edouardnardon.com,2.68
macaveavins.com,2.68
adarit.com,2.68
my-brussels.com,2.68
simolanrosario.com,2.68
icom-bs.com,2.68
chicomm.com,2.68
londonheal.com,2.68
virtualfitnesstrainer.com,2.68
toddtaylor.com,2.68
pival.com,2.67
javierlobo.com,2.67
tamilselvi.com,2.67
rockusticsinc.com,2.67
restaurantlocavore.com,2.67
laboomistanbul.com,2.67
relaxandhavefun.com,2.67
kerisac.com,2.67
bakerprojects.com,2.67
lyshaus.com,2.67
jhyoung.com,2.67
dwelldesignstudio.com,2.67
borujewelry.com,2.67
stewardsofchange.com,2.67
chdemko.com,2.67
laboratoiresiprad.com,2.67
comprarmimaquinadecoser.com,2.67
codyglot.com,2.66
femmesetcinema.com,2.66
seosailor.com,2.66
sfdcert.com,2.66
mujeresenelsectorpublico.com,2.66
normandiecourseapied.com,2.66
aspenmedicalsupply.com,2.66
vaodacs.com,2.66
aguiladesign.com,2.66
tracksideinc.com,2.66
semaine-entrepreneuriat-feminin.com,2.66
hoteldelabeille.com,2.66
sunrise-sleep.com,2.66
idil-fibres-optiques.com,2.66
makijarvi.com,2.66
charlottechesnais.com,2.66
quoteslists.com,2.66
hichambenohoud.com,2.66
vieuxmetiers.com,2.66
jjmartial.com,2.66
macinspector.com,2.66
bigtimerz.com,2.66
johnvdenley.com,2.65
pivotinc.com,2.65
eve-rose.com,2.65
userbarmaker.com,2.65
securityallstar.com,2.65
les-plaisirs-gourmands.com,2.65
couleurnewyork.com,2.65
alliancedoctor.com,2.65
iniciativessolidaries.com,2.65
computer-stamps.com,2.65
wpgo2o.com,2.65
tadawulfx.com,2.65
abadiadesanquirce.com,2.65
hotel-maison-montgrand.com,2.65
dansmonarbre.com,2.65
popedavistire.com,2.65
theatre-chochotte.com,2.65
villageexpressbranford.com,2.65
browntool.com,2.65
bigskytireservice.com,2.65
basketballhoopsunlimited.com,2.65
morethanmowers.com,2.65
pranaon.com,2.65
laclusaz-reservation.com,2.65
mailcopyowasso.com,2.65
lespepitesnoires.com,2.65
raynortire.com,2.65
manifestation-master.com,2.65
davinci-studio.com,2.65
partyvui.com,2.65
alltypecorp.com,2.65
mailroommanchester.com,2.65
mailshippingetc.com,2.65
msetc.com,2.65
palosverdespostalmax.com,2.65
pecosloanservicing.com,2.65
hugheshonda.com,2.65
alfaica.com,2.65
bonificatucurso.com,2.65
auxsaveursdardennes.com,2.64
saltforkkitchen.com,2.64
dpa-bnf.com,2.64
mentomenbar.com,2.64
markthegap.com,2.64
abitofcrypto.com,2.64
shimmymob.com,2.64
onlinesuccessme.com,2.64
restaurant-ducsdelorraine.com,2.64
valentin-chevalier.com,2.64
corpscan.com,2.64
couvreur-perpignan.com,2.64
laroutedesindes.com,2.64
fredericofazenda.com,2.64
mysimplehomegarden.com,2.64
sparesortstyria.com,2.64
musasi-no.com,2.64
theboxesetc.com,2.64
fluent-access.com,2.63
idef21.com,2.63
echemcom.com,2.63
cota-game.com,2.63
froggypwns.com,2.63
murtelacosmetics.com,2.63
eskaapi.com,2.63
les-rigolettes-nantaises.com,2.63
companiaperfecta.com,2.63
lejardinduboismarquis.com,2.63
miltrucosblogger.com,2.63
typetom.com,2.63
regimethonon.com,2.63
larawaldman.com,2.63
bondedbuilders.com,2.63
kiwi-rose.com,2.63
smmhc.com,2.63
easy-thonon.com,2.63
dgemg.com,2.63
aluthermo.com,2.63
erciyesteknopark.com,2.63
bluelinecorp.com,2.63
holduppaddle.com,2.63
m-conceptstore.com,2.63
francoischastanet.com,2.63
nehemiedias.com,2.63
jusdaglobal.com,2.62
dumthata.com,2.62
godrejmeridien-gurgaon.com,2.62
roomservicebcn.com,2.62
teamwhaaat.com,2.62
theramblermn.com,2.62
ruedesconfines.com,2.62
glassline.com,2.62
dioog.com,2.62
ecommerce-world.com,2.62
libertylaunchsystems.com,2.62
jividenlaw.com,2.62
theeverlastingpond.com,2.62
veganza.com,2.62
paysnoyonnais.com,2.62
tyrestretch.com,2.62
martinotaste.com,2.62
jazztastings.com,2.62
comprehensiontoolkit.com,2.62
combitrip.com,2.62
epilium-paris.com,2.62
ada-school.com,2.62
portalmasajes.com,2.62
licorne-formation.com,2.62
portalbienestar.com,2.62
massacultural.com,2.62
nadinepomarede.com,2.61
trafficpass.com,2.61
mybrokensociety.com,2.61
panierbiocergy.com,2.61
decenal-seguros-francia.com,2.61
invitethemedia.com,2.61
zoevox.com,2.61
soundscapesyorkmysteryplays.com,2.61
sommet-restructuration-transformation.com,2.61
enfo.com,2.61
coloriage.com,2.61
ryanaslett.com,2.61
lefugeret.com,2.61
auzrentalcars.com,2.61
bonyadvokala.com,2.61
myximi.com,2.61
lotolux.com,2.61
ceis-strat.com,2.61
gayrimenkulhaber.com,2.60
zeramusiccompany.com,2.60
nachoespino.com,2.60
brightshinynews.com,2.60
acpivr.com,2.60
nupga.com,2.60
darkscavenger.com,2.60
astay.com,2.60
vidplayvst.com,2.60
northshieldslocks.com,2.60
discountretailconsulting.com,2.60
thecafecalypso.com,2.60
wonder-wallet.com,2.60
fionadalwood.com,2.60
recognition-express.com,2.60
heartbandits.com,2.60
alsace-willm.com,2.60
rochefort-montagne.com,2.60
padgett-cpa.com,2.60
wearefivepercent.com,2.60
siamevent.com,2.60
webanalyticsprofits.com,2.59
hendersoninc.com,2.59
copsivideoproduction.com,2.59
hotelaiguablava.com,2.59
lecomptoirsante.com,2.59
newshubmedia.com,2.59
network23.com,2.59
bdomexico.com,2.59
runners-net.com,2.58
passiondlp.com,2.58
taximonacoprestige.com,2.58
lasantepourtous.com,2.58
not-a-crime.com,2.58
senderrarx.com,2.58
codewithmike.com,2.58
mineral-design.com,2.58
rotaxmaxmexico.com,2.58
tatasteelonbrand.com,2.58
lefatpack.com,2.58
bawkbox.com,2.58
gunsleague.com,2.58
purchasely.com,2.58